{"is_source_file": true, "format": "md", "description": ".md file: README.md", "external_files": [], "external_methods": [], "published": [], "classes": [], "methods": [], "calls": [], "search-terms": ["README.md", "md"], "state": 2, "filename": "README.md", "format-version": 4, "code-base-name": "https://github.com/kavia-common/tic-tac-toe-classic-6102-6121.git:kavia-main", "knowledge_revision": 3, "git_revision": "5a6efbe3ceb98f4cbe3a77bd34c3b88d3a15c0eb", "revision_history": [{"3": "5a6efbe3ceb98f4cbe3a77bd34c3b88d3a15c0eb"}]}